"<img src=""0016.jpg""/>","<img src=""0017.jpg""/>"
"<img src=""0018.jpg""/>","<img src=""0019.jpg""/>"
"<img src=""0020.jpg""/>","<img src=""0021.jpg""/>"
"<img src=""0022.jpg""/>","<img src=""0023.jpg""/>"
"<img src=""0024.jpg""/>","<img src=""0025.jpg""/>"
"<img src=""0026.jpg""/>","<img src=""0027.jpg""/>"
"<img src=""0028.jpg""/>","<img src=""0029.jpg""/>"
"<img src=""0030.jpg""/>","<img src=""0031.jpg""/>"
"<img src=""0032.jpg""/>","<img src=""0033.jpg""/>"
"<img src=""0034.jpg""/>","<img src=""0035.jpg""/>"
"<img src=""0036.jpg""/>","<img src=""0037.jpg""/>"
"<img src=""0038.jpg""/>","<img src=""0039.jpg""/>"
"<img src=""0040.jpg""/>","<img src=""0041.jpg""/>"
"<img src=""0042.jpg""/>","<img src=""0043.jpg""/>"
"<img src=""0044.jpg""/>","<img src=""0045.jpg""/>"
"<img src=""0046.jpg""/>","<img src=""0047.jpg""/>"
"<img src=""0048.jpg""/>","<img src=""0049.jpg""/>"
"<img src=""0050.jpg""/>","<img src=""0051.jpg""/>"
"<img src=""0052.jpg""/>","<img src=""0053.jpg""/>"
"<img src=""0054.jpg""/>","<img src=""0055.jpg""/>"
"<img src=""0056.jpg""/>","<img src=""0057.jpg""/>"
"<img src=""0058.jpg""/>","<img src=""0059.jpg""/>"
"<img src=""0060.jpg""/>","<img src=""0061.jpg""/>"
"<img src=""0062.jpg""/>","<img src=""0063.jpg""/>"
"<img src=""0064.jpg""/>","<img src=""0065.jpg""/>"
"<img src=""0066.jpg""/>","<img src=""0067.jpg""/>"
"<img src=""0068.jpg""/>","<img src=""0069.jpg""/>"
"<img src=""0070.jpg""/>","<img src=""0071.jpg""/>"
"<img src=""0072.jpg""/>","<img src=""0073.jpg""/>"
"<img src=""0074.jpg""/>","<img src=""0075.jpg""/>"
"<img src=""0076.jpg""/>","<img src=""0077.jpg""/>"
"<img src=""0078.jpg""/>","<img src=""0079.jpg""/>"
"<img src=""0080.jpg""/>","<img src=""0081.jpg""/>"
"<img src=""0082.jpg""/>","<img src=""0083.jpg""/>"
"<img src=""0084.jpg""/>","<img src=""0085.jpg""/>"
"<img src=""0086.jpg""/>","<img src=""0087.jpg""/>"
"<img src=""0088.jpg""/>","<img src=""0089.jpg""/>"
"<img src=""0090.jpg""/>","<img src=""0091.jpg""/>"
"<img src=""0092.jpg""/>","<img src=""0093.jpg""/>"
"<img src=""0094.jpg""/>","<img src=""0095.jpg""/>"
"<img src=""0096.jpg""/>","<img src=""0097.jpg""/>"
"<img src=""0098.jpg""/>","<img src=""0099.jpg""/>"
"<img src=""0100.jpg""/>","<img src=""0101.jpg""/>"
"<img src=""0102.jpg""/>","<img src=""0103.jpg""/>"
"<img src=""0104.jpg""/>","<img src=""0105.jpg""/>"
"<img src=""0106.jpg""/>","<img src=""0107.jpg""/>"
"<img src=""0108.jpg""/>","<img src=""0109.jpg""/>"
"<img src=""0110.jpg""/>","<img src=""0111.jpg""/>"
"<img src=""0112.jpg""/>","<img src=""0113.jpg""/>"
"<img src=""0114.jpg""/>","<img src=""0115.jpg""/>"
"<img src=""0116.jpg""/>","<img src=""0117.jpg""/>"
"<img src=""0118.jpg""/>","<img src=""0119.jpg""/>"
"<img src=""0120.jpg""/>","<img src=""0121.jpg""/>"
"<img src=""0122.jpg""/>","<img src=""0123.jpg""/>"
"<img src=""0124.jpg""/>","<img src=""0125.jpg""/>"
"<img src=""0126.jpg""/>","<img src=""0127.jpg""/>"
"<img src=""0128.jpg""/>","<img src=""0129.jpg""/>"
"<img src=""0130.jpg""/>","<img src=""0131.jpg""/>"
"<img src=""0132.jpg""/>","<img src=""0133.jpg""/>"
"<img src=""0134.jpg""/>","<img src=""0135.jpg""/>"
"<img src=""0136.jpg""/>","<img src=""0137.jpg""/>"
"<img src=""0138.jpg""/>","<img src=""0139.jpg""/>"
"<img src=""0140.jpg""/>","<img src=""0141.jpg""/>"
"<img src=""0142.jpg""/>","<img src=""0143.jpg""/>"
"<img src=""0144.jpg""/>","<img src=""0145.jpg""/>"
"<img src=""0146.jpg""/>","<img src=""0147.jpg""/>"
"<img src=""0148.jpg""/>","<img src=""0149.jpg""/>"
"<img src=""0150.jpg""/>","<img src=""0151.jpg""/>"
"<img src=""0152.jpg""/>","<img src=""0153.jpg""/>"
"<img src=""0154.jpg""/>","<img src=""0155.jpg""/>"
"<img src=""0156.jpg""/>","<img src=""0157.jpg""/>"
"<img src=""0158.jpg""/>","<img src=""0159.jpg""/>"
"<img src=""0160.jpg""/>","<img src=""0161.jpg""/>"
"<img src=""0162.jpg""/>","<img src=""0163.jpg""/>"
"<img src=""0164.jpg""/>","<img src=""0165.jpg""/>"
"<img src=""0166.jpg""/>","<img src=""0167.jpg""/>"
"<img src=""0168.jpg""/>","<img src=""0169.jpg""/>"
"<img src=""0170.jpg""/>","<img src=""0171.jpg""/>"
"<img src=""0172.jpg""/>","<img src=""0173.jpg""/>"
"<img src=""0174.jpg""/>","<img src=""0175.jpg""/>"
"<img src=""0176.jpg""/>","<img src=""0177.jpg""/>"
"<img src=""0178.jpg""/>","<img src=""0179.jpg""/>"
"<img src=""0180.jpg""/>","<img src=""0181.jpg""/>"
"<img src=""0182.jpg""/>","<img src=""0183.jpg""/>"
"<img src=""0184.jpg""/>","<img src=""0185.jpg""/>"
"<img src=""0186.jpg""/>","<img src=""0187.jpg""/>"
"<img src=""0188.jpg""/>","<img src=""0189.jpg""/>"
"<img src=""0190.jpg""/>","<img src=""0191.jpg""/>"
"<img src=""0192.jpg""/>","<img src=""0193.jpg""/>"
"<img src=""0194.jpg""/>","<img src=""0195.jpg""/>"
"<img src=""0196.jpg""/>","<img src=""0197.jpg""/>"
"<img src=""0198.jpg""/>","<img src=""0199.jpg""/>"
"<img src=""0200.jpg""/>","<img src=""0201.jpg""/>"
"<img src=""0202.jpg""/>","<img src=""0203.jpg""/>"
"<img src=""0204.jpg""/>","<img src=""0205.jpg""/>"
"<img src=""0206.jpg""/>","<img src=""0207.jpg""/>"
"<img src=""0208.jpg""/>","<img src=""0209.jpg""/>"
"<img src=""0210.jpg""/>","<img src=""0211.jpg""/>"
"<img src=""0212.jpg""/>","<img src=""0213.jpg""/>"
"<img src=""0214.jpg""/>","<img src=""0215.jpg""/>"
"<img src=""0216.jpg""/>","<img src=""0217.jpg""/>"
"<img src=""0218.jpg""/>","<img src=""0219.jpg""/>"
"<img src=""0220.jpg""/>","<img src=""0221.jpg""/>"
"<img src=""0222.jpg""/>","<img src=""0223.jpg""/>"
"<img src=""0224.jpg""/>","<img src=""0225.jpg""/>"
"<img src=""0226.jpg""/>","<img src=""0227.jpg""/>"
"<img src=""0228.jpg""/>","<img src=""0229.jpg""/>"
"<img src=""0230.jpg""/>","<img src=""0231.jpg""/>"
"<img src=""0232.jpg""/>","<img src=""0233.jpg""/>"
"<img src=""0234.jpg""/>","<img src=""0235.jpg""/>"
"<img src=""0236.jpg""/>","<img src=""0237.jpg""/>"
"<img src=""0238.jpg""/>","<img src=""0239.jpg""/>"
"<img src=""0240.jpg""/>","<img src=""0241.jpg""/>"
"<img src=""0242.jpg""/>","<img src=""0243.jpg""/>"
"<img src=""0244.jpg""/>","<img src=""0245.jpg""/>"
"<img src=""0246.jpg""/>","<img src=""0247.jpg""/>"
"<img src=""0248.jpg""/>","<img src=""0249.jpg""/>"
"<img src=""0250.jpg""/>","<img src=""0251.jpg""/>"
"<img src=""0252.jpg""/>","<img src=""0253.jpg""/>"
"<img src=""0254.jpg""/>","<img src=""0255.jpg""/>"
"<img src=""0256.jpg""/>","<img src=""0257.jpg""/>"
"<img src=""0258.jpg""/>","<img src=""0259.jpg""/>"
"<img src=""0260.jpg""/>","<img src=""0261.jpg""/>"
"<img src=""0262.jpg""/>","<img src=""0263.jpg""/>"
"<img src=""0264.jpg""/>","<img src=""0265.jpg""/>"
"<img src=""0266.jpg""/>","<img src=""0267.jpg""/>"
"<img src=""0268.jpg""/>","<img src=""0269.jpg""/>"
"<img src=""0270.jpg""/>","<img src=""0271.jpg""/>"
"<img src=""0272.jpg""/>","<img src=""0273.jpg""/>"
"<img src=""0274.jpg""/>","<img src=""0275.jpg""/>"
"<img src=""0276.jpg""/>","<img src=""0277.jpg""/>"
"<img src=""0278.jpg""/>","<img src=""0279.jpg""/>"
"<img src=""0280.jpg""/>","<img src=""0281.jpg""/>"
"<img src=""0282.jpg""/>","<img src=""0283.jpg""/>"
"<img src=""0284.jpg""/>","<img src=""0285.jpg""/>"
"<img src=""0286.jpg""/>","<img src=""0287.jpg""/>"
"<img src=""0288.jpg""/>","<img src=""0289.jpg""/>"
"<img src=""0290.jpg""/>","<img src=""0291.jpg""/>"
"<img src=""0292.jpg""/>","<img src=""0293.jpg""/>"
"<img src=""0294.jpg""/>","<img src=""0295.jpg""/>"
"<img src=""0296.jpg""/>","<img src=""0297.jpg""/>"
"<img src=""0298.jpg""/>","<img src=""0299.jpg""/>"
"<img src=""0300.jpg""/>","<img src=""0301.jpg""/>"
"<img src=""0302.jpg""/>","<img src=""0303.jpg""/>"
"<img src=""0304.jpg""/>","<img src=""0305.jpg""/>"
"<img src=""0306.jpg""/>","<img src=""0307.jpg""/>"
"<img src=""0308.jpg""/>","<img src=""0309.jpg""/>"
"<img src=""0310.jpg""/>","<img src=""0311.jpg""/>"
"<img src=""0312.jpg""/>","<img src=""0313.jpg""/>"
"<img src=""0314.jpg""/>","<img src=""0315.jpg""/>"
"<img src=""0316.jpg""/>","<img src=""0317.jpg""/>"
"<img src=""0318.jpg""/>","<img src=""0319.jpg""/>"
"<img src=""0320.jpg""/>","<img src=""0321.jpg""/>"
"<img src=""0322.jpg""/>","<img src=""0323.jpg""/>"
"<img src=""0324.jpg""/>","<img src=""0325.jpg""/>"
"<img src=""0326.jpg""/>","<img src=""0327.jpg""/>"
"<img src=""0328.jpg""/>","<img src=""0329.jpg""/>"
"<img src=""0330.jpg""/>","<img src=""0331.jpg""/>"
"<img src=""0332.jpg""/>","<img src=""0333.jpg""/>"
"<img src=""0334.jpg""/>","<img src=""0335.jpg""/>"
"<img src=""0336.jpg""/>","<img src=""0337.jpg""/>"
"<img src=""0338.jpg""/>","<img src=""0339.jpg""/>"
"<img src=""0340.jpg""/>","<img src=""0341.jpg""/>"
"<img src=""0342.jpg""/>","<img src=""0343.jpg""/>"
"<img src=""0344.jpg""/>","<img src=""0345.jpg""/>"
"<img src=""0346.jpg""/>","<img src=""0347.jpg""/>"
"<img src=""0348.jpg""/>","<img src=""0349.jpg""/>"
"<img src=""0350.jpg""/>","<img src=""0351.jpg""/>"
"<img src=""0352.jpg""/>","<img src=""0353.jpg""/>"
"<img src=""0354.jpg""/>","<img src=""0355.jpg""/>"
"<img src=""0356.jpg""/>","<img src=""0357.jpg""/>"
"<img src=""0358.jpg""/>","<img src=""0359.jpg""/>"
"<img src=""0360.jpg""/>","<img src=""0361.jpg""/>"
"<img src=""0362.jpg""/>","<img src=""0363.jpg""/>"
"<img src=""0364.jpg""/>","<img src=""0365.jpg""/>"
"<img src=""0366.jpg""/>","<img src=""0367.jpg""/>"
"<img src=""0368.jpg""/>","<img src=""0369.jpg""/>"
"<img src=""0370.jpg""/>","<img src=""0371.jpg""/>"
"<img src=""0372.jpg""/>","<img src=""0373.jpg""/>"
"<img src=""0374.jpg""/>","<img src=""0375.jpg""/>"
"<img src=""0376.jpg""/>","<img src=""0377.jpg""/>"
"<img src=""0378.jpg""/>","<img src=""0379.jpg""/>"
"<img src=""0380.jpg""/>","<img src=""0381.jpg""/>"
"<img src=""0382.jpg""/>","<img src=""0383.jpg""/>"
"<img src=""0384.jpg""/>","<img src=""0385.jpg""/>"
"<img src=""0386.jpg""/>","<img src=""0387.jpg""/>"
"<img src=""0388.jpg""/>","<img src=""0389.jpg""/>"
"<img src=""0390.jpg""/>","<img src=""0391.jpg""/>"
"<img src=""0392.jpg""/>","<img src=""0393.jpg""/>"
"<img src=""0394.jpg""/>","<img src=""0395.jpg""/>"
"<img src=""0396.jpg""/>","<img src=""0397.jpg""/>"
"<img src=""0398.jpg""/>","<img src=""0399.jpg""/>"
"<img src=""0400.jpg""/>","<img src=""0401.jpg""/>"
"<img src=""0402.jpg""/>","<img src=""0403.jpg""/>"
"<img src=""0404.jpg""/>","<img src=""0405.jpg""/>"
"<img src=""0406.jpg""/>","<img src=""0407.jpg""/>"
"<img src=""0408.jpg""/>","<img src=""0409.jpg""/>"
"<img src=""0410.jpg""/>","<img src=""0411.jpg""/>"
"<img src=""0412.jpg""/>","<img src=""0413.jpg""/>"
"<img src=""0414.jpg""/>","<img src=""0415.jpg""/>"
"<img src=""0416.jpg""/>","<img src=""0417.jpg""/>"
"<img src=""0418.jpg""/>","<img src=""0419.jpg""/>"
"<img src=""0420.jpg""/>","<img src=""0421.jpg""/>"
"<img src=""0422.jpg""/>","<img src=""0423.jpg""/>"
"<img src=""0424.jpg""/>","<img src=""0425.jpg""/>"
"<img src=""0426.jpg""/>","<img src=""0427.jpg""/>"
"<img src=""0428.jpg""/>","<img src=""0429.jpg""/>"
"<img src=""0430.jpg""/>","<img src=""0431.jpg""/>"
"<img src=""0432.jpg""/>","<img src=""0433.jpg""/>"
"<img src=""0434.jpg""/>","<img src=""0435.jpg""/>"
"<img src=""0436.jpg""/>","<img src=""0437.jpg""/>"
"<img src=""0438.jpg""/>","<img src=""0439.jpg""/>"
"<img src=""0440.jpg""/>","<img src=""0441.jpg""/>"
"<img src=""0442.jpg""/>","<img src=""0443.jpg""/>"
"<img src=""0444.jpg""/>","<img src=""0445.jpg""/>"
"<img src=""0446.jpg""/>","<img src=""0447.jpg""/>"
"<img src=""0448.jpg""/>","<img src=""0449.jpg""/>"
"<img src=""0450.jpg""/>","<img src=""0451.jpg""/>"
"<img src=""0452.jpg""/>","<img src=""0453.jpg""/>"
"<img src=""0454.jpg""/>","<img src=""0455.jpg""/>"
"<img src=""0456.jpg""/>","<img src=""0457.jpg""/>"
"<img src=""0458.jpg""/>","<img src=""0459.jpg""/>"
"<img src=""0460.jpg""/>","<img src=""0461.jpg""/>"
"<img src=""0462.jpg""/>","<img src=""0463.jpg""/>"
"<img src=""0464.jpg""/>","<img src=""0465.jpg""/>"
"<img src=""0466.jpg""/>","<img src=""0467.jpg""/>"
"<img src=""0468.jpg""/>","<img src=""0469.jpg""/>"
"<img src=""0470.jpg""/>","<img src=""0471.jpg""/>"
"<img src=""0472.jpg""/>","<img src=""0473.jpg""/>"
"<img src=""0474.jpg""/>","<img src=""0475.jpg""/>"
"<img src=""0476.jpg""/>","<img src=""0477.jpg""/>"
"<img src=""0478.jpg""/>","<img src=""0479.jpg""/>"
"<img src=""0480.jpg""/>","<img src=""0481.jpg""/>"
"<img src=""0482.jpg""/>","<img src=""0483.jpg""/>"
"<img src=""0484.jpg""/>","<img src=""0485.jpg""/>"
"<img src=""0486.jpg""/>","<img src=""0487.jpg""/>"
"<img src=""0488.jpg""/>","<img src=""0489.jpg""/>"
"<img src=""0490.jpg""/>","<img src=""0491.jpg""/>"
"<img src=""0492.jpg""/>","<img src=""0493.jpg""/>"
"<img src=""0494.jpg""/>","<img src=""0495.jpg""/>"
"<img src=""0496.jpg""/>","<img src=""0497.jpg""/>"
"<img src=""0498.jpg""/>","<img src=""0499.jpg""/>"
"<img src=""0500.jpg""/>","<img src=""0501.jpg""/>"
"<img src=""0502.jpg""/>","<img src=""0503.jpg""/>"
"<img src=""0504.jpg""/>","<img src=""0505.jpg""/>"
"<img src=""0506.jpg""/>","<img src=""0507.jpg""/>"
"<img src=""0508.jpg""/>","<img src=""0509.jpg""/>"
"<img src=""0510.jpg""/>","<img src=""0511.jpg""/>"
"<img src=""0512.jpg""/>","<img src=""0513.jpg""/>"
"<img src=""0514.jpg""/>","<img src=""0515.jpg""/>"
"<img src=""0516.jpg""/>","<img src=""0517.jpg""/>"
"<img src=""0518.jpg""/>","<img src=""0519.jpg""/>"
"<img src=""0520.jpg""/>","<img src=""0521.jpg""/>"
"<img src=""0522.jpg""/>","<img src=""0523.jpg""/>"
"<img src=""0524.jpg""/>","<img src=""0525.jpg""/>"
"<img src=""0526.jpg""/>","<img src=""0527.jpg""/>"
"<img src=""0528.jpg""/>","<img src=""0529.jpg""/>"
"<img src=""0530.jpg""/>","<img src=""0531.jpg""/>"
"<img src=""0532.jpg""/>","<img src=""0533.jpg""/>"
"<img src=""0534.jpg""/>","<img src=""0535.jpg""/>"
"<img src=""0536.jpg""/>","<img src=""0537.jpg""/>"
"<img src=""0538.jpg""/>","<img src=""0539.jpg""/>"
"<img src=""0540.jpg""/>","<img src=""0541.jpg""/>"
"<img src=""0542.jpg""/>","<img src=""0543.jpg""/>"
"<img src=""0544.jpg""/>","<img src=""0545.jpg""/>"
"<img src=""0546.jpg""/>","<img src=""0547.jpg""/>"
"<img src=""0548.jpg""/>","<img src=""0549.jpg""/>"
"<img src=""0550.jpg""/>","<img src=""0551.jpg""/>"
"<img src=""0552.jpg""/>","<img src=""0553.jpg""/>"
"<img src=""0554.jpg""/>","<img src=""0555.jpg""/>"
"<img src=""0556.jpg""/>","<img src=""0557.jpg""/>"
"<img src=""0558.jpg""/>","<img src=""0559.jpg""/>"
"<img src=""0560.jpg""/>","<img src=""0561.jpg""/>"
"<img src=""0562.jpg""/>","<img src=""0563.jpg""/>"
"<img src=""0564.jpg""/>","<img src=""0565.jpg""/>"
"<img src=""0566.jpg""/>","<img src=""0567.jpg""/>"
"<img src=""0568.jpg""/>","<img src=""0569.jpg""/>"
"<img src=""0570.jpg""/>","<img src=""0571.jpg""/>"
"<img src=""0572.jpg""/>","<img src=""0573.jpg""/>"
"<img src=""0574.jpg""/>","<img src=""0575.jpg""/>"
"<img src=""0576.jpg""/>","<img src=""0577.jpg""/>"
"<img src=""0578.jpg""/>","<img src=""0579.jpg""/>"
"<img src=""0580.jpg""/>","<img src=""0581.jpg""/>"
"<img src=""0582.jpg""/>","<img src=""0583.jpg""/>"
"<img src=""0584.jpg""/>","<img src=""0585.jpg""/>"
"<img src=""0586.jpg""/>","<img src=""0587.jpg""/>"
"<img src=""0588.jpg""/>","<img src=""0589.jpg""/>"
"<img src=""0590.jpg""/>","<img src=""0591.jpg""/>"
"<img src=""0592.jpg""/>","<img src=""0593.jpg""/>"
"<img src=""0594.jpg""/>","<img src=""0595.jpg""/>"
"<img src=""0596.jpg""/>","<img src=""0597.jpg""/>"
"<img src=""0598.jpg""/>","<img src=""0599.jpg""/>"
"<img src=""0600.jpg""/>","<img src=""0601.jpg""/>"
"<img src=""0602.jpg""/>","<img src=""0603.jpg""/>"
"<img src=""0604.jpg""/>","<img src=""0605.jpg""/>"
"<img src=""0606.jpg""/>","<img src=""0607.jpg""/>"
"<img src=""0608.jpg""/>","<img src=""0609.jpg""/>"
"<img src=""0610.jpg""/>","<img src=""0611.jpg""/>"
"<img src=""0612.jpg""/>","<img src=""0613.jpg""/>"
"<img src=""0614.jpg""/>","<img src=""0615.jpg""/>"
"<img src=""0616.jpg""/>","<img src=""0617.jpg""/>"
"<img src=""0618.jpg""/>","<img src=""0619.jpg""/>"
"<img src=""0620.jpg""/>","<img src=""0621.jpg""/>"
"<img src=""0622.jpg""/>","<img src=""0623.jpg""/>"
"<img src=""0624.jpg""/>","<img src=""0625.jpg""/>"
"<img src=""0626.jpg""/>","<img src=""0627.jpg""/>"
"<img src=""0628.jpg""/>","<img src=""0629.jpg""/>"
"<img src=""0630.jpg""/>","<img src=""0631.jpg""/>"
"<img src=""0632.jpg""/>","<img src=""0633.jpg""/>"
"<img src=""0634.jpg""/>","<img src=""0635.jpg""/>"
"<img src=""0636.jpg""/>","<img src=""0637.jpg""/>"
"<img src=""0638.jpg""/>","<img src=""0639.jpg""/>"
"<img src=""0640.jpg""/>","<img src=""0641.jpg""/>"
"<img src=""0642.jpg""/>","<img src=""0643.jpg""/>"
"<img src=""0644.jpg""/>","<img src=""0645.jpg""/>"
"<img src=""0646.jpg""/>","<img src=""0647.jpg""/>"
"<img src=""0648.jpg""/>","<img src=""0649.jpg""/>"
"<img src=""0650.jpg""/>","<img src=""0651.jpg""/>"
"<img src=""0652.jpg""/>","<img src=""0653.jpg""/>"
"<img src=""0654.jpg""/>","<img src=""0655.jpg""/>"
"<img src=""0656.jpg""/>","<img src=""0657.jpg""/>"